{
  "records": [
    {
      "state": "Maharashtra",
      "division": "Amravati",
      "district": "Pune",
      "taluka": "Ambegaon",
      "village": "Bhawadi",
      "id": 1
    },
    {
      "state": "Maharashtra",
      "division": "Nagpur",
      "district": "Jalgaon",
      "taluka": "Chopda",
      "village": "Bhawale",
      "id": 2
    },
    {
      "state": "Maharashtra",
      "division": "Pune",
      "district": "Nagpur",
      "taluka": "Kuhi",
      "village": "Ajni",
      "id": 3
    },
    {
      "state": "Maharashtra",
      "division": "Aurangabad",
      "district": "Jalna",
      "taluka": "Bhokardan",
      "village": "Banegaon",
      "id": 4
    }
  ],
  "comments": [
    {
      "id": 1,
      "body": "some comment",
      "postId": 1
    }
  ],
  "profile": {
    "name": "typicode"
  }
}